{"cameraMode":{"drawMode":0,"name":"Shaded","section":"Shading Mode"},"sceneLighting":true,"audioPlay":false,"sceneViewState":{"showFog":true,"showMaterialUpdate":false,"showSkybox":true,"showFlares":true,"showImageEffects":true,"showParticleSystems":true},"in2DMode":false,"pivot":{"x":3.595698356628418,"y":-0.6279692053794861,"z":-3.5855820178985597},"rotation":{"x":0.08618830144405365,"y":0.8608538508415222,"z":-0.15558181703090669,"w":0.4767906367778778},"size":5.643777370452881,"orthographic":false}